,name,label
1,1.mp4,0
2,2.mp4,1
3,3.mp4,1
4,5.mp4,0
5,7.mp4,1
6,8.mp4,1
7,10.mp4,0
8,11.mp4,1
9,12.mp4,0
10,13.mp4,1
11,14.mp4,0
12,18.mp4,1
13,19.mp4,0
14,20.mp4,1
15,22.mp4,1
16,24.mp4,1
17,25.mp4,0
18,26.mp4,0
19,28.mp4,0
20,29.mp4,0
21,30.mp4,0
22,31.mp4,1
23,33.mp4,0
24,35.mp4,1
25,36.mp4,0
26,37.mp4,1
27,39.mp4,1
28,40.mp4,1
29,41.mp4,0
30,42.mp4,1
31,44.mp4,0
32,48.mp4,0
33,52.mp4,0
34,53.mp4,1
35,54.mp4,0
36,55.mp4,1
37,56.mp4,0
38,58.mp4,0
39,61.mp4,1
40,63.mp4,0
41,66.mp4,1
42,67.mp4,0
43,68.mp4,0
44,69.mp4,0
45,71.mp4,0
46,72.mp4,1
47,73.mp4,0
48,75.mp4,1
49,76.mp4,0
50,78.mp4,0
51,79.mp4,0
52,80.mp4,0
53,81.mp4,1
54,82.mp4,0
55,83.mp4,1
56,84.mp4,1
57,85.mp4,1
58,86.mp4,0
59,87.mp4,1
60,89.mp4,0
61,90.mp4,1
62,91.mp4,1
63,92.mp4,0
64,93.mp4,0
65,94.mp4,1
66,96.mp4,1
67,97.mp4,0
68,98.mp4,0
69,99.mp4,1
70,101.mp4,1
71,105.mp4,0
72,106.mp4,0
73,108.mp4,0
74,109.mp4,0
75,110.mp4,1
76,111.mp4,0
77,112.mp4,0
78,113.mp4,1
79,114.mp4,1
80,115.mp4,0
81,116.mp4,1
82,117.mp4,0
83,120.mp4,1
84,122.mp4,1
85,124.mp4,0
86,125.mp4,1
87,126.mp4,0
88,128.mp4,1
89,129.mp4,1
90,130.mp4,1
91,131.mp4,0
92,133.mp4,0
93,134.mp4,0
94,136.mp4,1
95,137.mp4,0
96,138.mp4,1
97,141.mp4,0
98,142.mp4,0
99,143.mp4,1
100,144.mp4,1
101,145.mp4,1
102,146.mp4,1
103,147.mp4,1
104,150.mp4,1
105,151.mp4,0
106,152.mp4,1
107,154.mp4,1
108,155.mp4,1
109,157.mp4,1
110,164.mp4,0
111,165.mp4,0
112,166.mp4,0
113,167.mp4,1
114,168.mp4,0
115,171.mp4,1
116,172.mp4,0
117,173.mp4,1
118,175.mp4,0
119,177.mp4,0
120,179.mp4,0
121,180.mp4,0
122,182.mp4,0
123,185.mp4,1
124,189.mp4,0
125,191.mp4,1
126,192.mp4,1
127,193.mp4,1
128,194.mp4,0
129,195.mp4,1
130,197.mp4,1
131,198.mp4,0
132,199.mp4,1
133,203.mp4,1
134,204.mp4,1
135,205.mp4,1
136,207.mp4,1
137,209.mp4,0
138,210.mp4,1
139,211.mp4,0
140,213.mp4,1
141,217.mp4,0
142,218.mp4,1
143,219.mp4,1
144,222.mp4,1
145,225.mp4,1
146,227.mp4,1
147,229.mp4,0
148,231.mp4,1
149,236.mp4,1
150,238.mp4,1
151,240.mp4,1
152,241.mp4,0
153,242.mp4,1
154,243.mp4,0
155,244.mp4,1
156,246.mp4,0
157,247.mp4,1
158,248.mp4,1
159,249.mp4,0
160,251.mp4,0
161,252.mp4,1
162,253.mp4,0
163,254.mp4,0
164,255.mp4,0
165,256.mp4,1
166,257.mp4,1
167,258.mp4,0
168,259.mp4,0
169,260.mp4,1
170,261.mp4,1
171,262.mp4,0
172,264.mp4,1
173,265.mp4,0
174,267.mp4,0
175,268.mp4,0
176,269.mp4,0
177,270.mp4,0
178,272.mp4,1
179,274.mp4,1
180,275.mp4,1
181,279.mp4,0
182,281.mp4,0
183,284.mp4,1
184,285.mp4,0
185,287.mp4,1
186,288.mp4,0
187,290.mp4,1
188,292.mp4,1
189,295.mp4,0
190,296.mp4,1
191,298.mp4,1
192,299.mp4,1
193,304.mp4,0
194,306.mp4,0
195,307.mp4,1
196,308.mp4,0
197,309.mp4,1
198,310.mp4,0
199,312.mp4,0
200,313.mp4,0
201,314.mp4,0
202,316.mp4,1
203,317.mp4,0
204,322.mp4,0
205,326.mp4,1
206,327.mp4,1
207,328.mp4,0
208,329.mp4,1
209,332.mp4,1
210,333.mp4,0
211,334.mp4,0
212,336.mp4,1
213,337.mp4,0
214,339.mp4,1
215,340.mp4,1
216,341.mp4,1
217,343.mp4,1
218,344.mp4,0
219,345.mp4,0
220,346.mp4,0
221,349.mp4,1
222,350.mp4,1
223,351.mp4,0
224,353.mp4,1
225,354.mp4,1
226,356.mp4,1
227,359.mp4,1
228,361.mp4,1
229,363.mp4,0
230,365.mp4,0
231,366.mp4,0
232,367.mp4,0
233,369.mp4,0
234,371.mp4,1
235,372.mp4,1
236,373.mp4,0
237,374.mp4,1
238,375.mp4,1
239,376.mp4,1
240,379.mp4,1
241,382.mp4,1
242,383.mp4,1
243,385.mp4,1
244,386.mp4,0
245,388.mp4,0
246,389.mp4,0
247,391.mp4,1
248,393.mp4,1
249,395.mp4,1
250,396.mp4,0
251,398.mp4,1
252,399.mp4,0
253,401.mp4,1
254,402.mp4,1
255,405.mp4,0
256,407.mp4,0
257,408.mp4,1
258,409.mp4,1
259,413.mp4,0
260,414.mp4,1
261,416.mp4,1
262,417.mp4,0
263,418.mp4,0
264,421.mp4,1
265,422.mp4,1
266,423.mp4,1
267,424.mp4,1
268,425.mp4,1
269,426.mp4,1
270,428.mp4,0
271,429.mp4,1
272,430.mp4,1
273,431.mp4,0
274,432.mp4,1
275,433.mp4,1
276,434.mp4,0
277,435.mp4,0
278,438.mp4,1
279,439.mp4,1
280,440.mp4,1
281,441.mp4,1
282,444.mp4,1
283,446.mp4,0
284,447.mp4,1
285,448.mp4,0
286,452.mp4,1
287,453.mp4,1
288,454.mp4,0
289,455.mp4,0
290,456.mp4,0
291,457.mp4,0
292,458.mp4,0
293,459.mp4,0
294,461.mp4,0
295,462.mp4,0
296,463.mp4,1
297,464.mp4,1
298,465.mp4,0
299,467.mp4,0
300,468.mp4,0
301,469.mp4,1
302,470.mp4,1
303,471.mp4,0
304,472.mp4,1
305,473.mp4,1
306,477.mp4,1
307,478.mp4,1
308,480.mp4,1
309,483.mp4,0
310,485.mp4,0
311,489.mp4,0
312,490.mp4,1
313,491.mp4,1
314,492.mp4,0
315,493.mp4,1
316,494.mp4,0
317,495.mp4,0
318,497.mp4,1
319,501.mp4,0
320,504.mp4,1
321,506.mp4,1
322,508.mp4,1
323,511.mp4,0
324,512.mp4,0
325,514.mp4,0
326,515.mp4,1
327,517.mp4,0
328,518.mp4,0
329,519.mp4,0
330,521.mp4,0
331,524.mp4,0
332,526.mp4,0
333,530.mp4,0
334,534.mp4,1
335,535.mp4,1
336,536.mp4,0
337,541.mp4,1
338,543.mp4,1
339,544.mp4,1
340,546.mp4,1
341,547.mp4,1
342,548.mp4,0
343,549.mp4,1
344,550.mp4,0
345,551.mp4,1
346,553.mp4,0
347,554.mp4,1
348,555.mp4,1
349,556.mp4,1
350,558.mp4,1
351,559.mp4,0
352,560.mp4,1
353,561.mp4,0
354,564.mp4,0
355,565.mp4,0
356,568.mp4,0
357,570.mp4,0
358,571.mp4,0
359,572.mp4,0
360,576.mp4,1
361,577.mp4,0
362,579.mp4,0
363,580.mp4,1
364,582.mp4,1
365,584.mp4,1
366,585.mp4,0
367,589.mp4,0
368,591.mp4,1
369,593.mp4,1
370,594.mp4,1
371,595.mp4,1
372,596.mp4,1
373,597.mp4,1
374,598.mp4,0
375,599.mp4,0
376,600.mp4,1
377,601.mp4,0
378,603.mp4,0
379,605.mp4,1
380,608.mp4,1
381,609.mp4,0
382,610.mp4,0
383,612.mp4,1
384,613.mp4,1
385,615.mp4,1
386,618.mp4,0
387,619.mp4,0
388,620.mp4,1
389,622.mp4,0
390,623.mp4,1
391,624.mp4,1
392,627.mp4,0
393,628.mp4,0
394,629.mp4,0
395,630.mp4,1
396,631.mp4,1
397,632.mp4,1
398,635.mp4,0
399,636.mp4,0
400,637.mp4,1
401,639.mp4,0
402,641.mp4,0
403,643.mp4,0
404,644.mp4,0
405,645.mp4,1
406,650.mp4,1
407,651.mp4,0
408,652.mp4,1
409,653.mp4,0
410,655.mp4,1
411,656.mp4,0
412,657.mp4,1
413,658.mp4,0
414,662.mp4,1
415,663.mp4,1
416,664.mp4,1
417,667.mp4,0
418,668.mp4,0
419,670.mp4,0
420,673.mp4,0
421,674.mp4,1
422,676.mp4,1
423,678.mp4,1
424,681.mp4,1
425,682.mp4,0
426,684.mp4,0
427,685.mp4,1
428,686.mp4,1
429,687.mp4,1
430,688.mp4,0
431,690.mp4,1
432,691.mp4,1
433,692.mp4,1
434,693.mp4,1
435,694.mp4,0
436,695.mp4,0
437,697.mp4,1
438,698.mp4,0
439,699.mp4,1
440,700.mp4,1
441,702.mp4,1
442,704.mp4,0
443,709.mp4,1
444,710.mp4,0
445,711.mp4,0
446,713.mp4,1
447,715.mp4,0
448,716.mp4,0
449,718.mp4,1
450,719.mp4,1
451,720.mp4,1
452,721.mp4,0
453,723.mp4,0
454,726.mp4,0
455,727.mp4,1
456,729.mp4,0
457,734.mp4,1
458,735.mp4,0
459,736.mp4,0
460,737.mp4,1
461,738.mp4,0
462,739.mp4,0
463,741.mp4,0
464,742.mp4,0
465,744.mp4,1
466,745.mp4,0
467,746.mp4,0
468,747.mp4,0
469,750.mp4,0
470,751.mp4,0
471,753.mp4,1
472,754.mp4,0
473,755.mp4,0
474,756.mp4,1
475,758.mp4,1
476,759.mp4,1
477,763.mp4,1
478,764.mp4,0
479,769.mp4,1
480,771.mp4,0
481,772.mp4,1
482,774.mp4,0
483,775.mp4,1
484,778.mp4,0
485,780.mp4,0
486,781.mp4,1
487,782.mp4,0
488,784.mp4,0
489,785.mp4,1
490,787.mp4,1
491,788.mp4,0
492,791.mp4,1
493,792.mp4,1
494,795.mp4,1
495,796.mp4,0
496,797.mp4,1
497,798.mp4,1
498,800.mp4,0
499,802.mp4,0
500,803.mp4,0
501,804.mp4,1
502,805.mp4,1
503,807.mp4,0
504,809.mp4,0
505,810.mp4,0
506,811.mp4,0
507,812.mp4,0
508,813.mp4,0
509,814.mp4,1
510,815.mp4,1
511,816.mp4,0
512,817.mp4,1
513,818.mp4,1
514,819.mp4,1
515,820.mp4,0
516,821.mp4,1
517,823.mp4,1
518,824.mp4,1
519,825.mp4,1
520,827.mp4,1
521,834.mp4,1
522,835.mp4,1
523,836.mp4,1
524,837.mp4,0
525,838.mp4,0
526,839.mp4,1
527,840.mp4,0
528,842.mp4,1
529,844.mp4,1
530,845.mp4,1
531,846.mp4,0
532,847.mp4,1
533,849.mp4,0
534,850.mp4,0
535,851.mp4,1
536,852.mp4,0
537,855.mp4,1
538,856.mp4,1
539,858.mp4,1
540,859.mp4,1
541,860.mp4,0
542,862.mp4,0
543,863.mp4,0
544,864.mp4,1
545,865.mp4,1
546,869.mp4,1
547,870.mp4,1
548,871.mp4,1
549,873.mp4,1
550,874.mp4,1
551,875.mp4,1
552,877.mp4,0
553,878.mp4,0
554,885.mp4,1
555,886.mp4,0
556,887.mp4,0
557,888.mp4,1
558,889.mp4,1
559,893.mp4,1
560,894.mp4,0
561,895.mp4,0
562,896.mp4,1
563,897.mp4,1
564,899.mp4,0
565,900.mp4,1
566,903.mp4,0
567,904.mp4,0
568,907.mp4,0
569,908.mp4,1
570,910.mp4,0
571,911.mp4,0
572,912.mp4,1
573,913.mp4,1
574,914.mp4,0
575,920.mp4,0
576,921.mp4,0
577,926.mp4,1
578,927.mp4,1
579,929.mp4,1
580,931.mp4,0
581,936.mp4,1
582,937.mp4,0
583,938.mp4,0
584,941.mp4,0
585,943.mp4,0
586,945.mp4,1
587,946.mp4,1
588,947.mp4,0
589,948.mp4,1
590,950.mp4,1
591,951.mp4,1
592,952.mp4,0
593,954.mp4,1
594,958.mp4,0
595,961.mp4,1
596,963.mp4,1
597,967.mp4,0
598,969.mp4,1
599,974.mp4,0
600,975.mp4,1
601,976.mp4,1
602,977.mp4,0
603,980.mp4,1
604,982.mp4,0
605,985.mp4,0
606,986.mp4,1
607,987.mp4,1
608,988.mp4,1
609,990.mp4,1
610,991.mp4,1
611,992.mp4,1
612,993.mp4,0
613,994.mp4,0
614,995.mp4,1
615,996.mp4,0
616,997.mp4,1
617,998.mp4,0
618,1002.mp4,1
619,1003.mp4,0
620,1004.mp4,0
621,1007.mp4,1
622,1008.mp4,1
623,1012.mp4,0
624,1014.mp4,0
625,1015.mp4,0
626,1016.mp4,1
627,1017.mp4,0
628,1018.mp4,1
629,1019.mp4,0
630,1020.mp4,0
631,1021.mp4,1
632,1024.mp4,1
633,1026.mp4,0
634,1027.mp4,0
635,1028.mp4,0
636,1029.mp4,0
637,1030.mp4,0
638,1031.mp4,1
639,1033.mp4,1
640,1034.mp4,0
641,1038.mp4,0
642,1040.mp4,1
643,1042.mp4,1
644,1043.mp4,0
645,1044.mp4,1
646,1046.mp4,1
647,1047.mp4,0
648,1050.mp4,1
649,1051.mp4,1
650,1052.mp4,0
651,1053.mp4,0
652,1054.mp4,0
653,1055.mp4,0
654,1056.mp4,0
655,1058.mp4,0
656,1059.mp4,1
657,1060.mp4,0
658,1061.mp4,1
659,1064.mp4,1
660,1065.mp4,0
661,1066.mp4,1
662,1067.mp4,1
663,1068.mp4,1
664,1069.mp4,1
665,1070.mp4,0
666,1071.mp4,1
667,1072.mp4,1
668,1074.mp4,0
669,1075.mp4,0
670,1076.mp4,1
671,1077.mp4,1
672,1078.mp4,0
673,1081.mp4,0
674,1083.mp4,0
675,1086.mp4,0
676,1087.mp4,0
677,1088.mp4,0
678,1089.mp4,1
679,1090.mp4,0
680,1094.mp4,1
681,1095.mp4,0
682,1096.mp4,0
683,1097.mp4,0
684,1098.mp4,1
685,1099.mp4,0
686,1100.mp4,1
687,1101.mp4,0
688,1103.mp4,0
689,1104.mp4,0
690,1106.mp4,0
691,1108.mp4,0
692,1109.mp4,0
693,1110.mp4,1
694,1111.mp4,0
695,1112.mp4,0
696,1114.mp4,1
697,1117.mp4,0
698,1119.mp4,1
699,1120.mp4,1
700,1123.mp4,0
701,1124.mp4,0
702,1125.mp4,1
703,1126.mp4,0
704,1127.mp4,1
705,1129.mp4,1
706,1130.mp4,0
707,1131.mp4,0
708,1135.mp4,0
709,1136.mp4,0
710,1137.mp4,1
711,1138.mp4,0
712,1139.mp4,1
713,1140.mp4,0
714,1142.mp4,0
715,1145.mp4,0
716,1146.mp4,1
717,1148.mp4,0
718,1152.mp4,1
719,1153.mp4,0
720,1158.mp4,0
721,1162.mp4,0
722,1163.mp4,0
723,1164.mp4,0
724,1165.mp4,0
725,1168.mp4,0
726,1169.mp4,0
727,1170.mp4,0
728,1172.mp4,0
729,1173.mp4,1
730,1176.mp4,0
731,1179.mp4,1
732,1181.mp4,1
733,1182.mp4,0
734,1183.mp4,1
735,1184.mp4,0
736,1185.mp4,1
737,1188.mp4,0
738,1190.mp4,0
739,1191.mp4,1
740,1192.mp4,1
741,1193.mp4,0
742,1195.mp4,1
743,1198.mp4,0
744,1199.mp4,0
745,1202.mp4,0
746,1203.mp4,0
747,1204.mp4,0
748,1205.mp4,1
749,1206.mp4,1
750,1207.mp4,1
751,1209.mp4,1
752,1210.mp4,1
753,1211.mp4,0
754,1212.mp4,1
755,1213.mp4,0
756,1215.mp4,0
757,1216.mp4,1
758,1218.mp4,0
759,1219.mp4,0
760,1221.mp4,1
761,1222.mp4,1
762,1225.mp4,0
763,1228.mp4,1
764,1229.mp4,0
765,1230.mp4,1
766,1231.mp4,1
767,1232.mp4,0
768,1233.mp4,0
769,1234.mp4,1
770,1235.mp4,0
771,1236.mp4,1
772,1237.mp4,1
773,1240.mp4,1
774,1241.mp4,0
775,1242.mp4,1
776,1244.mp4,0
777,1245.mp4,1
778,1248.mp4,1
779,1250.mp4,0
780,1251.mp4,1
781,1252.mp4,1
782,1254.mp4,0
783,1256.mp4,0
784,1260.mp4,1
785,1267.mp4,0
786,1269.mp4,1
787,1270.mp4,0
788,1274.mp4,0
789,1279.mp4,0
790,1280.mp4,1
791,1281.mp4,1
792,1283.mp4,1
793,1285.mp4,1
794,1286.mp4,0
795,1288.mp4,1
796,1290.mp4,1
797,1292.mp4,1
798,1293.mp4,1
799,1296.mp4,1
800,1297.mp4,0
801,1300.mp4,0
802,1302.mp4,0
803,1303.mp4,0
804,1304.mp4,1
805,1306.mp4,0
806,1307.mp4,0
807,1308.mp4,1
808,1309.mp4,1
809,1313.mp4,1
810,1314.mp4,0
811,1315.mp4,1
812,1317.mp4,0
813,1318.mp4,0
814,1319.mp4,0
815,1322.mp4,1
816,1323.mp4,0
817,1324.mp4,0
818,1325.mp4,0
819,1326.mp4,1
820,1329.mp4,0
821,1330.mp4,0
822,1331.mp4,0
823,1333.mp4,0
824,1336.mp4,1
825,1337.mp4,0
826,1339.mp4,0
827,1341.mp4,0
828,1342.mp4,1
829,1343.mp4,1
830,1344.mp4,1
831,1345.mp4,1
832,1347.mp4,0
833,1350.mp4,0
834,1351.mp4,1
835,1352.mp4,0
836,1353.mp4,1
837,1354.mp4,0
838,1356.mp4,1
839,1360.mp4,1
840,1361.mp4,0
841,1364.mp4,0
842,1365.mp4,0
843,1366.mp4,1
844,1367.mp4,0
845,1368.mp4,0
846,1370.mp4,1
847,1371.mp4,0
848,1372.mp4,0
849,1373.mp4,0
850,1375.mp4,0
851,1377.mp4,0
852,1378.mp4,0
853,1380.mp4,0
854,1383.mp4,1
855,1384.mp4,1
856,1388.mp4,1
857,1390.mp4,0
858,1395.mp4,0
859,1400.mp4,1
860,1401.mp4,1
861,1403.mp4,1
862,1404.mp4,1
863,1409.mp4,1
864,1410.mp4,1
865,1411.mp4,1
866,1412.mp4,1
867,1413.mp4,1
868,1415.mp4,0
869,1416.mp4,1
870,1417.mp4,1
871,1418.mp4,0
872,1419.mp4,1
873,1420.mp4,1
874,1422.mp4,1
875,1424.mp4,0
876,1425.mp4,0
877,1427.mp4,1
878,1428.mp4,0
879,1431.mp4,1
880,1432.mp4,0
881,1433.mp4,1
882,1434.mp4,1
883,1435.mp4,1
884,1436.mp4,1
885,1437.mp4,1
886,1438.mp4,0
887,1441.mp4,0
888,1443.mp4,1
889,1445.mp4,1
890,1446.mp4,0
891,1448.mp4,1
892,1449.mp4,0
893,1450.mp4,0
894,1452.mp4,0
895,1453.mp4,0
896,1454.mp4,1
897,1456.mp4,1
898,1459.mp4,0
899,1460.mp4,0
900,1463.mp4,0
901,1465.mp4,0
902,1467.mp4,0
903,1468.mp4,1
904,1469.mp4,0
905,1472.mp4,1
906,1473.mp4,0
907,1475.mp4,1
908,1476.mp4,1
909,1477.mp4,1
910,1478.mp4,0
911,1479.mp4,0
912,1480.mp4,1
913,1482.mp4,1
914,1483.mp4,0
915,1484.mp4,0
916,1485.mp4,1
917,1487.mp4,0
918,1489.mp4,1
919,1490.mp4,1
920,1492.mp4,1
921,1494.mp4,0
922,1497.mp4,1
923,1498.mp4,0
924,1500.mp4,0
925,1501.mp4,1
926,1503.mp4,0
927,1504.mp4,0
928,1507.mp4,1
929,1508.mp4,0
930,1509.mp4,1
931,1510.mp4,0
932,1513.mp4,1
933,1515.mp4,1
934,1516.mp4,1
935,1518.mp4,1
936,1520.mp4,1
937,1521.mp4,1
938,1522.mp4,1
939,1523.mp4,1
940,1524.mp4,1
941,1526.mp4,0
942,1529.mp4,0
943,1531.mp4,1
944,1532.mp4,0
945,1533.mp4,1
946,1534.mp4,0
947,1535.mp4,0
948,1539.mp4,1
949,1540.mp4,1
950,1541.mp4,1
951,1543.mp4,1
952,1546.mp4,0
953,1547.mp4,0
954,1549.mp4,0
955,1551.mp4,0
956,1552.mp4,0
957,1553.mp4,1
958,1554.mp4,1
959,1555.mp4,1
960,1556.mp4,0
961,1557.mp4,1
962,1559.mp4,0
963,1562.mp4,1
964,1565.mp4,1
965,1567.mp4,0
966,1568.mp4,0
967,1569.mp4,1
